{"_wandb":{"runtime":5},"_runtime":5.1677451,"train/loss":0.052551090717315674,"_timestamp":1.7814077965137367e+09,"_step":36,"eval/loss":0.07036377489566803}