{"_runtime":0,"_wandb":{"runtime":0},"_step":38,"train/step":36,"train/loss":0.052551090717315674,"_timestamp":1.7814078331469038e+09,"eval/step":36,"eval/loss":0.07036377489566803}